{
  "lang":"en",
  "name":"pipeline",
  "version":"0.0.0",
  "spacy_version":">=3.7.5,<3.8.0",
  "description":"",
  "author":"",
  "email":"",
  "url":"",
  "license":"",
  "spacy_git_version":"a6d0fc360",
  "vectors":{
    "width":0,
    "vectors":0,
    "keys":0,
    "name":null,
    "mode":"default"
  },
  "labels":{
    "transformer":[

    ],
    "ner":[
      "A/G",
      "ADV_EFF",
      "AGE",
      "CANC_T",
      "CARDINAL",
      "DATE",
      "DIAG",
      "DUR",
      "EGY",
      "EMO",
      "EVENT",
      "EXP",
      "FAC",
      "GENDER",
      "GPE",
      "INV",
      "LANGUAGE",
      "LAW",
      "LOC",
      "MED",
      "MET",
      "MHD",
      "MONEY",
      "NORP",
      "NUM",
      "ORDINAL",
      "ORG",
      "PERCENT",
      "PERSON",
      "POB",
      "PPL",
      "PRODUCT",
      "QUANTITY",
      "RES",
      "SIZE",
      "STG",
      "SYM",
      "TIME",
      "TRT",
      "WORK_OF_ART"
    ]
  },
  "pipeline":[
    "transformer",
    "ner"
  ],
  "components":[
    "transformer",
    "ner"
  ],
  "disabled":[

  ],
  "performance":{
    "ents_f":0.5609984399,
    "ents_p":0.6178694158,
    "ents_r":0.5137142857,
    "ents_per_type":{
      "EMO":{
        "p":0.6641221374,
        "r":0.58,
        "f":0.6192170819
      },
      "PPL":{
        "p":0.7319587629,
        "r":0.6761904762,
        "f":0.702970297
      },
      "TRT":{
        "p":0.65,
        "r":0.6011560694,
        "f":0.6246246246
      },
      "ADV_EFF":{
        "p":0.0833333333,
        "r":0.0196078431,
        "f":0.0317460317
      },
      "POB":{
        "p":0.7213930348,
        "r":0.7073170732,
        "f":0.7142857143
      },
      "INV":{
        "p":0.5245901639,
        "r":0.4729064039,
        "f":0.4974093264
      },
      "SYM":{
        "p":0.4869565217,
        "r":0.3612903226,
        "f":0.4148148148
      },
      "GPE":{
        "p":0.2857142857,
        "r":0.3333333333,
        "f":0.3076923077
      },
      "DUR":{
        "p":0.3888888889,
        "r":0.0921052632,
        "f":0.1489361702
      },
      "ORG":{
        "p":0.380952381,
        "r":0.275862069,
        "f":0.32
      },
      "MED":{
        "p":0.6493506494,
        "r":0.5681818182,
        "f":0.6060606061
      },
      "AGE":{
        "p":0.7045454545,
        "r":0.5961538462,
        "f":0.6458333333
      },
      "CANC_T":{
        "p":0.7079207921,
        "r":0.7900552486,
        "f":0.7467362924
      },
      "SIZE":{
        "p":0.2727272727,
        "r":0.1875,
        "f":0.2222222222
      },
      "RES":{
        "p":0.375,
        "r":0.15,
        "f":0.2142857143
      },
      "STG":{
        "p":0.7123287671,
        "r":0.8813559322,
        "f":0.7878787879
      },
      "NUM":{
        "p":0.3928571429,
        "r":0.25,
        "f":0.3055555556
      },
      "EXP":{
        "p":0.0,
        "r":0.0,
        "f":0.0
      },
      "MET":{
        "p":0.1,
        "r":0.0434782609,
        "f":0.0606060606
      },
      "MHD":{
        "p":0.6666666667,
        "r":0.4,
        "f":0.5
      },
      "GENDER":{
        "p":0.75,
        "r":0.75,
        "f":0.75
      },
      "DIAG":{
        "p":0.375,
        "r":0.1578947368,
        "f":0.2222222222
      },
      "A/G":{
        "p":0.8333333333,
        "r":0.625,
        "f":0.7142857143
      },
      "EGY":{
        "p":0.25,
        "r":0.25,
        "f":0.25
      }
    },
    "transformer_loss":0.0,
    "ner_loss":7198.4600863613
  }
}